Institution$Field (ISCED code)*$Name$EXPECTED UNITA STUDENTS (total)$Slots for UBI$Slots for UNIZAR$Slots for UPPA$Slots for USMB$Slots for UNITO$Slots for UVT$UNITA STUDENTS N. - FIXED/FLEXIBLE$Study cycle (first, second, third cycle)$VM students study cycle (first, second, third cycle)$VM students specific degree/master degree program (if required by the course)$VM students further requirements  (if required by the course)$Language of instruction$Language requirements (level: B1, B2, C1, C2)$English friendly (optional) (Yes, No)$ECTS$Semester (first/second/all year/both)$Approximate starting period$Approximate ending period$Period (or date) for evaluations/examination$Asynchronous / Synchronous Course (optional)$Web Link to the description course$Contact of the course responsible$Comments/Remarks|
USMB$1014 Sports$Pilates$10$$$$$$$Y$1rst, 2nd, 3rd$1rst, 2nd, 3rd$no$un tapis et une webcam ouverte$FR, Eng$B1$Y$1$first and second$Sep 2021 and Jan 2022$end Dec 2021 and end April 2022$$Sync$$olivier.freschi@univ-smb.fr$Il faut me contacter pour voir les modalités.|
USMB$71  Engineering and engineering trades$Product Lifecycle Management$5$$$$$$$N$2nd$2nd$no$$FR$B2$Y$2$second$Feb. 2022$Jun-22$$Sync$not yet available$laurent.tabourot@univ-smb.fr$|
Università degli Studi di Torino$0310 Social and behavioural sciences not further defined$Laboratorio di produzione di scenari$5$1$1$1$1$n.a.$1$flexible$second cycle$second cycle$none$NO$Italian$Italian B1$Yes$200ral$Spring$End of February 2022$May-22$$Synchronous$https://www.didattica-cps.unito.it/do/corsi.pl/Show?_id=xir1$dario.padovan@unito.it$|
Università degli Studi di Torino$0314 Sociology and cultural studies$International Cooperation for Development: Practices and Project Design$5$1$1$1$1$n.a.$1$flexible$second cycle$second cycle$none$Basic knowledge on development theories and approaches, key issues and themes.$English$English B2$Yes$1100ral$Spring$End of February 2022$May-22$$Synchronous$https://www.didattica-cps.unito.it/do/corsi.pl/Show?_id=hvcm&search=teconologie%20web&sort=DEFAULT$egidio.dansero@unito.it; giacomo.pettenati@ito.it;$|
Università degli Studi di Torino$0223 Philosophy and ethics$Philosophical Hermeneutics$5$1$1$1$1$n.a.$1$flexible$first cycle$first cycle$none$NO$Italian$B2$Yes$500ral$Spring$May-22$Jun-22$$$https://filosofia.campusnet.unito.it/do/corsi.pl/Show?_id=7bcc$antonio.dalligna@unito.it$|
Università degli Studi di Torino$0731 Architecture and town planning$Storia dell'Architettura e della Città$5$1$1$1$1$n.a.$1$flexible$second cycle$second cycle$none$NO$Italian$C1$Yes$800ral$Spring$first week of February$last week of April$$Synchronous course$https://www.lingue.unito.it/do/corsi.pl/Show?_id=0877$enrico.lusso@unito.it$|
Università degli Studi di Torino$0731 Architecture and town planning$Conoscenza e valorizzazione del patrimonio artistico e architettonico - Knowledge and enhancement of the artistic and architectural heritage$5$1$1$1$1$n.a.$1$flexible$second cycle$second cycle$none$NO$Italian$C1$Yes$500ral$Spring$Beginning of February$Beginning of April$$Synchronous course$https://www.lingue.unito.it/do/corsi.pl/Show?_id=f23l$viviana.moretti@unito.it$|
Università degli Studi di Torino$041 Business and administration$Economia Aziendale - Business Management$5$1$1$1$1$n.a.$1$flexible$first cycle$first cycle$none$NO$Italian$Italian B1$Yes$800ral$Spring$Beginning February$Beginning May$$Synchronous course$https://www.lingue.unito.it/do/corsi.pl/Show?_id=0801$damiano.cortese@unito.it$|
Università degli Studi di Torino$023 Languages$Intercomprensione tra lingue affini (laboratorio)$15$3$3$3$3$n.a.$3$flexible$first and second cycle$first and second cycle$none$$Romance languages$The course is open to students of any mother tongue with a minimum level of B1 competence in at least one Romance language$Yes$500ral$Spring$february$april$$synchronous and asynchronous$https://www.lingue.unito.it/do/corsi.pl/Show?_id=9cwa$sandra.garbarino@unito.it$|
Università degli Studi di Torino$0230 Languages$SPANISH LANGUAGE AND LINGUISTICS (FIRST YEAR)$5$1$1$1$1$n.a.$1$flexible$second cycle$second cycle$none$$Spanish$Spanish language: minimum level B2; adequated level C1$No$800ral$Spring$february$april$$both synchronous and asynchronous$https://www.lingue.unito.it/do/corsi.pl/Show?_id=1874$felisa.bermejo@unito.it$Bibliography in spanish language|
Università degli Studi di Torino$0811 Crop and livestock production$Traditional and novel food of animal origin (SAF0177)$5$1$1$1$1$n.a.$1$flexible$second cycle$second cycle$none$basic knowledge of circular economy and animal nutrition$English$English B1/B2$Yes$900ral$Spring$End March$End May$$Synchronous$https://www.stal.unito.it/do/corsi.pl/Show?_id=58pm$laura.gasco@unito.it, rosemarie.tedeschi@inito.it, ilaria.biasato@unito.it$|
Università degli Studi di Torino$0821 Forestry$Laboratory of tree farming$5$1$1$1$1$n.a.$1$flexible$first cycle$first cycle$none$General Silviculture, Forest Ecology$Italian$B1/B2$Yes$300ral$Spring$March$June$$synchronous$https://www.sfa.unito.it/do/corsi.pl/Show?_id=7ieu$gianfranco.minotta@unito.it$|
Università degli Studi di Torino$0521 Environmental sciences$Ecology of biodeterioration & related control strategies for the conservation of Cultural Heritage$5$1$1$1$1$n.a.$1$flexible$second cycle$second cycle$none$Plant Biology (at least one bachelor exam in plant biology)$English$B1$Yes$400ral$Spring$March$June$$synchronous$https://lmbiologia.campusnet.unito.it/do/corsi.pl/Show?_id=dj2a$sergio.favero@unito.it, mariangela.girlanda@unito.it$*New module planned for a.y. 2021/2022. For additional information, please contact: sergio.favero@unito.it & mariangela.girlanda@unito.it|
Università degli Studi di Torino$0811 Crop and livestock production$RUMINANT FEEDING AND NUTRITION$5$1$1$1$1$n.a.$1$flexible$second cycle$second cycle$bachelor animal production or natural science or veterinary medicine$Basic knowledge of: - laboratory analyses for the determination of the chemical composition of feeds for animals- chemical composition of feeds for animals (forages and raw materials)- anatomy and physiology of ruminants- biochemistry, with particular reference to metabolic pathways and cycles- animal nutrition.$English$B1$Yes$500ral$Spring$March$June$$Both synchronous and asynchronous$https://www.san.unito.it/do/corsi.pl/Show?_id=zgtq$manuela.renna@unito.it$|
Università degli Studi di Torino$0222 History and archaeology$Roman History B$5$1$1$1$1$n.a.$1$flexible$first cycle$first cycle$none$The course contributes to the achievement of the educational objectives of the Degree Course in History (three years) by providing students with specific method tools for understanding Roman antiquity (spatio-temporal location of events, technical language, use of sources), through the acquisition of the fundamental notions of Roman history from its origins to the Late Antiquity, to develop basic knowledge and understanding skills of the faced issues, alongside an initial ability to apply and communicate them.$Italian$B1$Yes$500ral$Spring$Beginning of May$June 15th$$synchronous$https://storia.campusnet.unito.it/do/corsi.pl/Show?_id=8wsx$andrea.pellizzari@unito.it$It is possible to take the exam also in English, French, German, Spanish|
Università degli Studi di Torino$0211 Audiovisual Techniques and Media Productions$Film and History$5$1$1$1$1$n.a.$1$flexible$second cycle$second cycle$none$Basic knowledge of film history and theory$Italian$Italian B2/English B2$Yes$500ral$Spring$Early May$Mid June$$Synchronous$https://cinema.campusnet.unito.it/do/corsi.pl/Show?_id=ie8j$giaime.alonge@unito.it$The course is usually taught in Italian, but sometimes it can have a visiting co-teacher from abroad, who teaches in English. Bibliograpy is often partially in English. Students can write their final paper either in Italian, English, or French.|
Università degli Studi di Torino$0232 - Literature and linguistics$Spanish literature$5$1$1$1$1$n.a.$1$flexible$first cycle$first cycle$none$Basic knowledge of spanish langage$Italian$Spanish B1$Yes$500ral$Spring$End of February$April$$Synchronous course$https://culture.campusnet.unito.it/do/corsi.pl/Show?_id=r7ag$mariaconsolata.pangallo@unito.it$|
Università degli Studi di Torino$0232 - Literature and linguistics$Sociolinguistica (Sociolinguistics)$5$1$1$1$1$n.a.$1$fixed$second cycle$second cycle$none$Basic and intermediate knowledge in General linguistics$Italian$C1$Yes$500ral$Spring$End of February 2022$Apr-22$$Synchronous$https://linguistica.campusnet.unito.it/do/corsi.pl/Show?_id=mtsp$massimosimone.cerruti@unito.it$|
Università degli Studi di Torino$021 Arts$ History and Phenomenology of Popular Music$5$1$1$1$1$n.a.$1$flexible$second cycle$second cycle$none$NO$Italian$C1$Yes$500ral$Spring$ End of February 2022$Apr-22$$Asynchronous$https://cinema.campusnet.unito.it/do/corsi.pl/Show?_id=i2h3$jacopo.tomatis@unito.it$An English bibliography could be arranged.|
Università degli Studi di Torino$0222 History and archaeology$History of Homosexuality$5$1$1$1$1$n.a.$1$flexible$first cycle$first cycle$none$NO$Italian$B2$Yes$500ral$Spring$End of april 2022$Jun-22$$$https://cdsdams.campusnet.unito.it/do/corsi.pl/Show?_id=a547$maya.deleo@unito.it$It is possible to take the exam also in English and a list of texts in English is available.|
Università degli Studi di Torino$0215 Music and Performing Arts$Storia della civiltà musicale - History of Music Civilization$5$1$1$1$1$n.a.$1$flexible$second cycle$second cycle$none$English$English$B2$Yes$500ral$Spring$May 3rd, 2021$June 16th, 2021$$$https://culturecomparate.campusnet.unito.it/do/corsi.pl/Show?_id=le93$alberto.rizzuti@unito.it$it is possibile to take the exam also in English, French, German, Spanish|
Università degli Studi di Torino$0223 Philosophy and ethics$Ancient Philosophy (Filosofia antica)$5$1$1$1$1$n.a.$1$flexible$first cycle$first cycle$none$NO$Italian$B2$Yes$500ral$Spring$End of February 2022$Apr-22$$Synchronous$https://cdslettere.campusnet.unito.it/do/corsi.pl/Show?_id=h5sw$pasquale.porro@unito.it$It is possible to take the exam not only in Italian, but also in English, French and German.|
Università degli Studi di Torino$0223 Philosophy and ethics$Dante's philosophy and medieval thought (Filosofia dantesca e pensiero medievale)$5$1$1$1$1$n.a.$1$flexible$first cycle$first cycle$none$NO$Italian$B2$Yes$500ral$Spring$May-22$Jun-22$$Synchronous$https://cdslettere.campusnet.unito.it/do/corsi.pl/Show?_id=c06x$pasquale.porro@unito.it$It is possible to take the exam not only in Italian, but also in English, French and German.|
Università degli Studi di Torino$022 Humanities (except languages)$Children's Literature$5$1$1$1$1$n.a.$1$flexible$first cycle$first cycle$none$Basic knowledge of european literature$Italian$B2$Yes$1100ral$Spring$february$June$$Synchronous$https://cdsdams.campusnet.unito.it/do/corsi.pl/Show?_id=mip6$clara.allasia@unito.it$|
Università degli Studi di Torino$022 Humanities (except languages)$Italian Literature$5$1$1$1$1$n.a.$1$flexible$second cycle$second cycle$none$Knowledge of the fundamental aspects of the History of Italian Literature.$Italian$C1$Yes$500ral$Spring$February$March$$Syncronous$https://letteratura.campusnet.unito.it/do/corsi.pl/Show?_id=1wpt$laura.nay@unito.it$|
Università degli Studi di Torino$0232 Literature and linguistics$English Literature/Shakespeare$5$1$1$1$1$n.a.$1$flexible$first cycle$first cycle$none$$Italian$Level of English B2$Yes$500ral$Spring$february$april$$both synchronous and asynchronous$https://culture.campusnet.unito.it/do/corsi.pl/Show?_id=52fi$renato.rizzoli@unito.it$|
Università degli Studi di Torino$0322 Library, information and archival$Digital philology / Filologia digitale$5$1$1$1$1$n.a.$1$fixed$second cycle$second cycle$none$Basic computer skills.$Italian$Italian/English B1$Yes$500ral$Spring$february$april$$$https://culturecomparate.campusnet.unito.it/do/corsi.pl/Show?_id=j61r$roberto.rossellidelturco@unito.it$|
Università degli Studi di Torino$0231 - Language acquisition$French Language and Translation$5$1$1$1$1$n.a.$1$flexible$first cycle$first cycle$none$NO$French$french language (A2 at least)$No$500ral$Spring$february 28th$april 6th$$syncronous and asyncronous$https://culture.campusnet.unito.it/do/corsi.pl/Show?_id=zkfu$paola.cifarelli@unito.it$|
University of Beira Interior$0232 Languages$Classic Portuguese Literature$12$0$3$1$1$6$1$Fixed$First cycle$Non required$Non required$Non required$PT/FR/ES$Non Required$Yes$6$Second$Feb-22$Jun-22$$Synchronous online sessions$https://www.ubi.pt/en/discipline/12341$José Henrique Manso (hrmanso@hotmail.com)$|
University of Beira Interior$0232 Languages$Culture, Associations and Public Institutions$5$0$1$1$1$1$1$Fixed$Second Cycle$Non required$Non required$Non required$Portuguese/English friendly$C1$Yes$6$Second$Feb-22$Jun-22$$Synchronous online sessions$https://www.ubi.pt/en/discipline/13017$Ana Pereira (acsp@ubi.pt)$|
University of Beira Interior$0314 Socioly and Cultural Studies$Sociology of Culture and Communication$10$0$2$2$2$2$2$Fixed$First cycle$First or second cycle$Non required$Basic knowledge of Social Science$PT/ENG$B1$Yes$6$Second$Feb-22$Jun-22$$N/A$https://www.ubi.pt/en/discipline/13131$Nuno Amaral Jerónimo (nunoaj@ubi.pt)$|
University of Beira Interior$0314 Socioly and Cultural Studies$Gender Problems$10$0$2$2$2$2$2$Fixed$Second Cycle$First or second cycle$Non required$Basic knowledge of Social Science$PT/ENG$B1$Yes$6$First$Feb-22$Jun-22$$N/A$https://www.ubi.pt/en/discipline/13443$Catarina Sales (csbo@ubi.pt)$|
University of Beira Interior$0314 Socioly and Cultural Studies$Introduction to Portuguese Society$10$0$2$2$2$2$2$Fixed$First cycle$First or second cycle$Non required$Basic knowledge of Social Science$PT/ENG$B1$Yes$6$Second$Feb-22$Jun-22$$N/A$https://www.ubi.pt/en/discipline/13348$Nuno Amaral Jerónimo (nunoaj@ubi.pt)$|
University of Beira Interior$0314 Socioly and Cultural Studies$Political System and Media$10$0$2$2$2$2$2$Fixed$First cycle$First or second cycle$Non required$Basic knowledge of Social Science$PT/ENG$B1$Yes$6$Second$Feb-22$Jun-22$$N/A$https://www.ubi.pt/Disciplina/13350/2021$Bruno Costa (bdfc@ubi.pt)$|
University of Beira Interior$0413 Management and administration$Sustainability$11$0$3$1$1$3$1$Flexible$first$first, second$Non required$Non required$English$B1$Yes$6$Second$Feb-22$Jun-22$$N/A$https://www.ubi.pt/en/discipline/13722$apaco@ubi.pt$|
Université de Pau et des Pays de l'Adour$0611 Computer use$Initiation au réseaux informatiques d'entreprise (1)$10$2$2$0$2$2$2$fixed$first$first$background in the field of study$background in the field of study$FR$B2$Yes$2$second$January$May$May$Asynchronous$link will be available at the beginning of the course$laurent.gallon@univ-pau.fr$|
Université de Pau et des Pays de l'Adour$0611 Computer use$Initiation aux technologies de l'Internet (1)$10$2$2$0$2$2$2$fixed$first$first$background in the field of study$background in the field of study$FR$B2$Yes$2$second$January$May$May$Asynchronous$link will be available at the beginning of the course$laurent.gallon@univ-pau.fr$|
Université de Pau et des Pays de l'Adour$00 Generic programmes and qualifications$UE libre recherche documentaire et pratiques collaboratives (DocTice)$10$2$2$0$2$2$2$fixed$first$first$background in the field of study$background in the field of study$FR$B3$Yes$2$both$January$May$May$Hybrid$link will be available at the beginning of the course synchronous 4 sessions of 2 hours per semester on thursday afternoon$agnes.bourguignon@univ-pau.fr$Final exam: Continuous assessment and final evaluation individually: multiple choice questions and in group: creation and presentation of a digital poster with bibliography|
Université de Pau et des Pays de l'Adour$languages$Intercomprehension between romance languages$20$3 or 4$3 or 4$0$3 or 4$3 or 4$3 or 4$flexible$first$first$No background requested$No background requested$FR/ES/IT/RO/PO$B2 in at least one romance language$Yes$2$both$January$May$May$Asynchronous$link will be available at the beginning of the course$lesparre.g@univ-pau.fr$Final exam: listening and reading comprehension|
Université de Pau et des Pays de l'Adour$languages$Intercomprehension between romance languages$20$3 or 4$3 or 4$0$3or 4$3 or 4$3 or 4$flexible$second and third$second and third$No background requested$No background requested$FR/ES/IT/RO/PO$B2 in at least one romance language$Yes$2$both$January$May$May$Asynchronous$link will be available at the beginning of the course$lesparre.g@univ-pau.fr$Final exam: listening and reading comprehension|
Université de Pau et des Pays de l'Adour$languages$Intercomprehension between romance languages$3$3 or 4$3 or 4$0$3 or 4$3 or 4$3 or 4$flexible$second and third$second and third$No background requested$background in intercomprehension of romance langages$FR/ES/IT/RO/PO$B2 in at least one romance language$Yes$2$both$January$May$May$Asynchronous$link will be available at the beginning of the course$lesparre.g@univ-pau.fr$Final eman: listening and reading comprehension|
Université de Pau et des Pays de l'Adour$0231 Language acquisition$Thème espagnol$10$2$2$0$2$2$2$Fixed$first (2nd year)$first (2nd year)$background in the field of study$background in the field of study$ES, FR$B2$No$3$Both$January$May$May$Asynchronous$link will be available at the beginning of the course$blandine.daguerre@univ-pau.fr$|
Université de Pau et des Pays de l'Adour$0232 Language acquisition$Interpretariat version$10$2$2$0$2$2$2$Fixed$first (3rd year)$first (3rd year)$background in the field of study$background in the field of study$ES, FR$B3$No$3$Second$January$May$May$Asynchronous$link will be available at the beginning of the course$blandine.daguerre@univ-pau.fr$|
Université de Pau et des Pays de l'Adour$0233 Language acquisition$Interpretariat thème$10$2$2$0$2$2$2$Fixed$second$second$background in the field of study$background in the field of study$ES, FR$B4$No$2$both$January$May$May$Asynchronous$link will be available at the beginning of the course$blandine.daguerre@univ-pau.fr$|
West University of Timisoara$0421 Law$Competition and Consumer Protection European Union Law$10$1$2$1$1$5$/$flexible$second$first, second$no$knowledge of general EU law$EN$B1$Yes$4$second$21/02/2022$26/06/2022$04/06/22 - 26/06/22$NO to Asynchronous Course$https://drept.uvt.ro/administrare/files/1600283007-2020-2021-fd-ma--dr.-ue.pdf$sorina.doroga@e-uvt.ro$Prof. Sorina Doroga|
West University of Timisoara$0410 Business and administration$Public Sector Governance$10$1$2$1$1$5$/$flexible$first$first$no$dissemination of reseach project results (student competition, conferences, others)$EN$B1$Yes$5$second$21/02/2022$26/06/2022$04/06/22 - 26/06/22$YES to Asynchronous Course$https://feaa.uvt.ro/fisiere/educatie/licenta/fise-discipline/fben/2020-2021/An-3/Sem2/Public-sector-governance.pdf$oana.lobont@e-uvt.ro$Prof. Oana Lobon?|
West University of Timisoara$0412 Finance, Banking and Insurance$Financial Investments$10$1$2$1$1$5$/$flexible$second$first, second$no$basic knowledge in financial market & corporate finance would be an advantage$EN$B1$Yes$8$second$21/02/2022$26/06/2022$04/06/22 - 26/06/22$YES to Asynchronous Course$https://feaa.uvt.ro/fisiere/educatie/masterat/fise-discipline-2019/2020-2021/Sem2/ICF_compressed.pdf$miruna.nachescu@e-uvt.ro$Prof. Miruna N?chescu|
West University of Timisoara$0412 Finance, Banking and Insurance$Financial management & SMEs financing$10$1$2$1$1$5$/$flexible$second$ second$no$NO prerequisites$EN$B1$Yes$8$second$21/02/2022$26/06/2022$04/06/22 - 26/06/22$NO to Asynchronous Course$https://feaa.uvt.ro/fisiere/educatie/masterat/fise-discipline-2019/2020-2021/Sem2/MBO_compressed.pdf$delia.gligor@e-uvt.ro$Prof. Delia Gligor|
West University of Timisoara$0610 Information and Communication Technologies (ICTs)$Big Data Analysis$10$1$2$1$1$5$/$flexible$second$second$no$NO prerequisites$EN$B1$Yes$6$second$21/02/2022$26/06/2022$04/06/22 - 26/06/22$YES to Asynchronous Course$$claudiu.brandas@e-uvt.ro$Prof. Claudiu Brândaș|
West University of Timisoara$0610 Information and Communication Technologies (ICTs)$Data Mining$10$1$2$1$1$5$/$flexible$second$first (last year of study), second and third$no$programming/computer science knowledge would be an advantage$EN$B1$Yes$6$second$21/02/2022$26/06/2022$04/06/22 - 26/06/22$YES to Asynchronous Course$https://www.info.uvt.ro/others/fise_disciplina/aidc/20_21_2_DataMining_AIDC1_ZaharieDaniela.pdf$daniela.zaharie@e-uvt.ro$Prof. Daniela Zaharie|
West University of Timisoara$0610 Information and Communication Technologies (ICTs)$Calculus$10$1$2$1$1$5$/$flexible$first$first$no$basic/high school knowledge of Calculus$EN$B1$Yes$6$second$21/02/2022$26/06/2022$04/06/22 - 26/06/22$YES to Asynchronous Course$https://www.info.uvt.ro/others/fise_disciplina/informatica_engleza/20_21_2_Calculus_IE.pdf$eva.kaslik@e-uvt.ro$Prof. Eva Kaslik|
West University of Timisoara$0610 Information and Communication Technologies (ICTs)$Algorithms and Data Structures II (titular)$10$1$2$1$1$5$/$flexible$first$first$no$completion of 1 semester course in Algorithms and Data Structure$EN$B1$Yes$6$second$21/02/2022$26/06/2022$04/06/22 - 26/06/22$YES to Asynchronous Course$https://www.info.uvt.ro/others/fise_disciplina/informatica_engleza/20_21_2_AlgorithmsDataStructures_II_IE.pdf$gabriel.istrate@e-uvt.ro$Prof. Gabriel Istrate|
West University of Timisoara$0530 Physical sciences$Crystal Growth Methods$10$1$2$1$1$5$/$flexible$second$first, second$no$basic knowledge of Condensed Matter$EN$B1$Yes$6$second$21/02/2022$26/06/2022$04/06/22 - 26/06/22$YES to Asynchronous Course$https://physics.uvt.ro/wp-content/uploads/2014/07/PTAM1202.pdf$madalin.bunoiu@e-uvt.ro$Prof. M?d?lin Bunoiu|
West University of Timisoara$0320 Journalism and information$Professional organisation and personal branding$10$1$2$1$1$5$/$flexible$second$second$no$NO prerequisites$EN$B1$Yes$4$second$21/02/2022$26/06/2022$04/06/22 - 26/06/22$YES to Asynchronous Course$https://pfc.uvt.ro/educatie/master/$oana.barbu@e-uvt.ro$Prof. Adela-Oana Barbu Kleitsch|
West University of Timisoara$0312 Political sciences and civics$Project Management$10$1$2$1$1$5$/$flexible$second$first, second, third$no$NO prerequisites$EN$B1$Yes$7$second$21/02/2022$26/06/2022$04/06/22 - 26/06/22$NO to Asynchronous Course$https://pfc.uvt.ro/cadre-didactice/$viorel.proteasa@e-uvt.ro$Prof. Viorel Proteasa|
Universidad de Zaragoza$071 Engineering and engineering trades$Gestión a la innovación en tecnologías de la información$10$1$$1$1$6$1$Flexible$second cycle$second cycle, third cycle$Ingeniería o Ciencias$No$ES$B1$YES$6$Second$Inicio segundo cuatrimestre$Final segundo cuatrimestre$$Synchronous$https://estudios.unizar.es/estudio/asignatura?anyo_academico=2020&asignatura_id=62229&estudio_id=20200683&centro_id=110&plan_id_nk=534$mvg@unizar.es; javy@unizar.es$La asignatura tiene dos partes:1) Conceptos teóricos: imparten por el profesorado (5 sesiones) y por profesionales y especialistas que imparten charlas sobre su ámbito de trabajo con vinculación a la gestión de la innovación (22 sesiones); esta parte se evalúa mediante 3 informes cortos escritos en inglés.2) Parte práctica: elaboración de una propuesta de proyecto de I+D al programa Horizonte Europa, partiendo de una "call" real que ha sido simplificada; el alumnado se organiza en consorcios y son guiados por el profesorado para elaborar las diferentes partes que componen la propuesta; se evalúa en función del trabajo desarrollado durante todo el semestre y la organización y claridad de la propuesta presentada. La asignatura NO tiene examen.|
Universidad de Zaragoza$071 Engineering and engineering trades$Diseño de Instalaciones de Fluidos - Piping Engineering$10$1$$1$1$6$1$Flexible$first cycle$first cycle$Industrial, mechanical or chemical engineer$Foundations of Fluid Mechanics$English$$YES$6$Second$Inicio segundo cuatrimestre, 7 feb$Final segundo cuatrimestre$$Synchronous$https://sia.unizar.es/doa/consultaPublica/look[conpub]MostrarPubGuiaDocAs?entradaPublica=true&idiomaPais=es.ES&_anoAcademico=2020&_codAsignatura=29942$jablasal@unizar.es$Projects and laboratory sessions|
Universidad de Zaragoza$021 Arts$MERCADO DEL ARTE, CATALOGACIÓN Y GESTIÓN DE COLECCIONES$15$1$$1$1$11$1$Flexible$first cycle$first, first last year of study, second, third$Historia del arte, historia, derecho$no$ES$B1$YES$6$Second$Inicio segundo cuatrimestre, 7 feb$Final segundo cuatrimestre$$Synchronous$https://estudios.unizar.es/estudio/asignatura?anyo_academico=2018&asignatura_id=28223&estudio_id=20180123&centro_id=103&plan_id_nk=420$natajuan@unizar.es$La evaluación final estará integrada por una prueba final presencial y por los resultados de la evaluación continua. Siendo el resultado de esta suma: 60% examen + 15% prácticas +15% trabajo cuatrimestral +10% seguimiento y tutorización|
Universidad de Zaragoza$021 Arts$28229 Arte y cultura de masas$5$1$$1$1$1$1$Fixed$first cycle$first cycle, second cycle$Historia del Arte$Historia del Arte$ES$B1$No$6$Second$Inicio segundo cuatrimestre, 7 feb$Final segundo cuatrimestre$$Synchronous$https://sia.unizar.es/documentos/doa/guiadocente/2020/28229_es.pdf$mvazquez@unizar.es$https://sia.unizar.es/documentos/doa/guiadocente/2020/28229_es.pdf|
Universidad de Zaragoza$0531 Chemistry$Química sostenible y catálisis$7$1$$1$1$3$1$Flexible$second cycle$first cycle, second cycle$No$Nociones de Química$ES$B1$YES$2$Second$Inicio segundo cuatrimestre, 7 feb$Final segundo cuatrimestre$$Asynchronous$https://estudios.unizar.es/estudio/asignatura?anyo_academico=2020&asignatura_id=60463&estudio_id=20200688&centro_id=100&plan_id_nk=543$raquelph@unizar.es$Se lleva a cabo evaluación continua, no obstante, también se tendrá la opción de realizar la prueba global según el calendario de exámenes para las dos convocatorias oficiales (febrero y septiembre). Las diferentes pruebas de evaluación consisten en un examen escrito de teoría, así como realización y exposición de un trabajo tutorizado sobre algún tema relacionado con la asignatura.|
Universidad de Zaragoza$0532 Earth sciences$El paisaje en la ordenación del territorio$7$1$$1$1$3$1$Flexible$second cycle$first last year of study$Conocimientos de Geografía o componentes del medio natural y socioeconómico$Conocimientos de Sistemas de Información Geográfica$ES$B1$No$6$Second$Inicio segundo cuatrimestre, 7 feb$Final segundo cuatrimestre$$Synchronous$https://sia.unizar.es/doa/consultaPublica/look[conpub]MostrarPubGuiaDocAs?entradaPublica=true&idiomaPais=es.ES&_anoAcademico=2019&_codAsignatura=28330$pibarra@unizar.es$Es una asignatura muy aplicada y se trabaja con estudios de caso. El 80 % se evalúa con trabajos individuales o en pequeño grupo. El 20 % se evalúa mediante prueba individual escrita.|
Universidad de Zaragoza$021 Arts$Conservación y Restauración del Patrimonio Artístico$5$1$$1$1$1$1$Fixed$first cycle$first cycle$Historia del Arte/Historia/Bellas Artes/Arquitectura$Conocimiento básicos de Historia del Arte$ES$B1$No$6$Second$Inicio segundo cuatrimestre, 7 feb$Final segundo cuatrimestre$$$https://sia.unizar.es/doa/consultaPublica/look[conpub]MostrarPubGuiaDocAs?entradaPublica=true&idiomaPais=es.ES&_anoAcademico=2018&_codAsignatura=28212$ashernan@unizar.es$Ver la guía docente|
Universidad de Zaragoza$023 Languages$Lengua extranjera para marketing (inglés)$27$3$$3$3$15$3$Flexible$first cycle$first cycle, second cycle, third cycle$Several multidisciplinar students have shown their interest in this subject and succesfully achieved it, so I would be pleased to welcome students from all the scientific branches.$B2 English level before being registered in the subject$EN$B2$YES$5$Second$Inicio segundo cuatrimestre, 7 feb$Final segundo cuatrimestre$$Asynchronous$https://sia.unizar.es/doa/consultaPublica/look%5Bconpub%5DMostrarPubGuiaDocAs?entradaPublica=true&idiomaPais=es.ES&_anoAcademico=2020&_codAsignatura=27654$rvillares@unizar.es;inuviala@unizar.es$Global skills are assessed in a multi-disciplinar exam.|
Universidad de Zaragoza$011 Education$Psicología de la Educación$7$1$$1$1$3$1$Flexible$first cycle$first cycle$$$ES$$YES$6$Second$Inicio segundo cuatrimestre, 7 feb$Final segundo cuatrimestre$$Asynchronous$Por cambio en plan de estudios aún no está disponible$glopezcr@unizar.es$|
Universidad de Zaragoza$0531 Chemistry$Cristalografía y Técnicas de Difracción$7$1$$1$1$3$1$Flexible$second cycle$second cycle, third cycle$Química / Física$Grado en Química o Física$ES$B2$YES$2$Second$Inicio segundo cuatrimestre, 7 feb$Final segundo cuatrimestre$$Asynchronous$https://estudios.unizar.es/estudio/asignatura?anyo_academico=2020&asignatura_id=60456&estudio_id=20200688&centro_id=100&plan_id_nk=543$lahoz@unizar.es$Cuestiones prácticas, ejercicios, lecturas, etc. (30%). presentación de los resultados estructurales recogidos en una publicación (20 %). Prueba final escrita u oral (elección alumno) (50 %).(Tutorials can be done in English, French, Italian or Spanish|
Universidad de Zaragoza$0711 Chemical engineering and processes$Ciencia y tecnología de la combustión$7$1$$1$1$3$1$Flexible$second cycle$second cycle$Ingeniería Química$$ES$B2$YES$3$Second$Inicio segundo cuatrimestre, 7 feb$Final segundo cuatrimestre$$Asynchronous$https://estudios.unizar.es/estudio/asignatura?anyo_academico=2019&asignatura_id=66235&estudio_id=20190680&centro_id=110&plan_id_nk=531$uxue@unizar.es$|
Universidad de Zaragoza$0711 Chemical engineering and processes$Catálisis asimétrica$7$1$$1$1$3$1$Flexible$second cycle$second cycle, third cycle$Grado de Química, Grado de Ingeniería Química$Catálisis$ES$B1$YES$2$Second$Inicio segundo cuatrimestre, 7 feb$Final segundo cuatrimestre$$Asynchronous$https://estudios.unizar.es/estudio/asignatura?anyo_academico=2020&asignatura_id=60459&estudio_id=20200688&centro_id=100&plan_id_nk=543$plamata@unizar.es$La evaluación está basada en las siguientes actividades: 1.- resolución de cuestiones (40 %). 2.- presentación (síncrona o asíncrona) de los contenidos de artículos científicos y resolución de cuestiones (60 %). Los alumnos que no opten por la evaluación continua, realizarán una prueba global basada en cuestiones teórico-prácticas sobre los contenidos de la materia, que supondrá el 100% de la calificación total.|
Universidad de Zaragoza$0531 Chemistry$Química en la frontera con la Biología$7$1$$1$1$3$1$Flexible$second cycle$second cycle$Química$Química$ES$B2$YES$2$Second$Inicio segundo cuatrimestre, 7 feb$Final segundo cuatrimestre$$Asynchronous$https://estudios.unizar.es/estudio/asignatura?anyo_academico=2020&asignatura_id=60462&estudio_id=20200688&centro_id=100&plan_id_nk=543$ecerrada@unizar.es$The evaluation will be based on the following activities: Presentation of a work based on a scientific article or on a specific topic related to the contents of the course. Critical discussion of the work will be valued. It will be scored with a grade between 0 and 10 points. Contribution to final grade: 40%.|
Universidad de Zaragoza$011  Education$Análisis de materiales educativos digitales. Máster Universitario en Aprendizaje a lo largo de la vida: Iniciación a la investigación$7$1$$1$1$3$1$Flexible$second cycle$second cycle$Educación$$ES$B2$YES$3$Second$Inicio segundo cuatrimestre, 7 feb$Final segundo cuatrimestre$$Asynchronous$https://sia.unizar.es/documentos/doa/guiadocente/2018/63145_es.pdf$privero@unizar.es$Se presenta un trabajo de análisis de un recurso educativo on line, individual o grupal, en junio.|
Universidad de Zaragoza$021 Arts$Gestion de Fondos y Colecciones de Imágenes. Codigo 25739$10$1$$1$1$6$1$Flexible$first cycle$first cycle$Humanidades. Ciencias Sociales$$ES$B1$No$6$Second$Inicio segundo cuatrimestre, 7 feb$Final segundo cuatrimestre$$Asynchronous$https://estudios.unizar.es/estudio/asignatura?anyo_academico=2019&asignatura_id=25739&estudio_id=20190106&centro_id=103&plan_id_nk=268$cagustin@unizar.es$|
Universidad de Zaragoza$0114 Teacher training with subject specialisation$Didáctica de las Ciencias Sociales II$7$1$$1$1$3$1$Flexible$first cycle$first cycle$$$ES$B1$YES$6$Second$Inicio segundo cuatrimestre, 7 feb$Final segundo cuatrimestre$$Synchronous$https://estudios.unizar.es/estudio/asignatura?anyo_academico=2020&asignatura_id=26630&estudio_id=20200116&centro_id=107&plan_id_nk=298$cocolo@unizar.es; joseman@unizar.es$Ejercicios prácticos a lo largo del curso (50 % de la nota) y examen final (50 %).|
Universidad de Zaragoza$0519 Biological and related sciences not elsewhere classified$Mecanobiología celular$7$1$$1$1$3$1$Flexible$second cycle$second cycle$Ingenierías: Mecánica, Química, Industrial ó Biomédica o Graduado en: Físicas, Matemáticas, Biotecnología o Química$$ES$B2$YES$3$Second$Segundo Bimestre del segundo cuatrimestre, abril$Final segundo cuatrimestre pero por organización bimestral acabamos unos quince días más tarde.$$Synchronous$https://sia.unizar.es/doa/consultaPublica/look[conpub]MostrarPubGuiaDocAs?entradaPublica=true&idiomaPais=es.ES&_anoAcademico=2020&_codAsignatura=69311$jmgaraz@unizar.es, gomezmj@unizar.es$|
Universidad de Zaragoza$0519 Biological and related sciences not elsewhere classified$Tissue Engineering$7$1$$1$1$3$1$Flexible$second cycle$second cycle$$$ES$B1$YES$3$Second$Inicio segundo cuatrimestre, 7 feb$Final segundo cuatrimestre$$Synchronous$https://estudios.unizar.es/estudio/asignatura?anyo_academico=2020&asignatura_id=69305&estudio_id=20200629&centro_id=110&plan_id_nk=547$jmgaraz@unizar.es ; jipena@unizar.es$Examen y presentación de trabajo en Abril|
Universidad de Zaragoza$0519 Biological and related sciences not elsewhere classified$Nanobiomedicine: Fundamentals and Applications$10$1$$1$1$6$1$Flexible$second cycle$second cycle, third cycle$Natural sciences and medicine are recommended$None$EN$B1$YES$3$Second$Inicio segundo cuatrimestre, 7 feb$Final segundo cuatrimestre$$Synchronous$https://sia.unizar.es/documentos/doa/guiadocente/2020/69312_es.pdf$arruebom@unizar.es$Written exam and also the elaboration of a scientific paper on a specific topic related to the course|
Universidad de Zaragoza$0712 Environmental protection technology$Ingeniería del Medio Ambiente$10$1$$1$1$6$1$Flexible$first cycle$first cycle$$$ES$B2$YES$6$Second$Inicio segundo cuatrimestre, 7 feb$Final segundo cuatrimestre$$Asynchronous$https://estudios.unizar.es/estudio/asignatura?anyo_academico=2020&asignatura_id=30109&estudio_id=20200143&centro_id=175&plan_id_nk=425$acero@unizar.es$Examen y prácticas|
Universidad de Zaragoza$0311 Economics$Instrumentos financieros avanzados$5$1$$1$1$1$1$Fixed$second cycle$second cycle, third cycle$Grado en ADE, FICO, ECO$Conocimientos previos de derivados financieros$ES$B2$No$4$Second$Inicio segundo cuatrimestre, 7 feb$Final segundo cuatrimestre$$Asynchronous$https://estudios.unizar.es/estudio/asignatura?anyo_academico=2020&asignatura_id=61435&estudio_id=20200619&centro_id=109&plan_id_nk=526$patricia@unizar.es$3 pruebas escritas a lo largo del semestre|
Universidad de Zaragoza$0613 Software and applications development and analysis$Metodologías Ágiles y Calidad$10$1$$1$1$6$1$Flexible$first cycle$first last year of study, second cycle$Grado en Ingeniería Informática o Computer Sciences$Ingeniería de Software o Software Engineering$ES$B1$YES$6$Second$Inicio segundo cuatrimestre, 7 feb$Final segundo cuatrimestre$$Asynchronous$https://sia.unizar.es/doa/consultaPublica/look[conpub]MostrarPubGuiaDocAs?entradaPublica=true&idiomaPais=es.ES&_anoAcademico=2020&_codAsignatura=30259$simonab@unizar.es;mhg@unizar.es$evaluación continua|
Universidad de Zaragoza$0711 Chemical engineering and processes$Medical Image Analysis$10$1$$1$1$6$1$Flexible$second cycle$second cycle$$$ES$B2$YES$3$Second$Mediados de abril (segundo bimestre del cuatrimestre primavera)$Final segundo cuatrimestre$$Synchronous$https://sia.unizar.es/doa/consultaPublica/look[conpub]MostrarPubGuiaDocAs?entradaPublica=true&idiomaPais=es.ES&_codAsignatura=69319$olmos@unizar.es$Examen en fecha habitual y trabajos prácticos|
Universidad de Zaragoza$0311 Economics$Introducción a la investigación de mercados$6$1$$1$1$2$1$Fixed$first cycle$first cycle, first last year of study, second cycle, third cycle$$It is advisable for the student to have basic knowledge of Marketing and Statistics$EN$B2$No$6$Second$Inicio segundo cuatrimestre, 7 feb$Final segundo cuatrimestre$$Synchronous$https://sia.unizar.es/documentos/doa/guiadocente/2020/27318_en.pdf$jjimenez@unizar.es, jmpina@unizar.es$Read carefully the program of the subject|
Universidad de Zaragoza$0531 Chemistry$Química Supramolecular$7$1$$1$1$3$1$Flexible$second cycle$second cycle$Grado en Química, Bioquímica, Biotecnología, Biología, Farmacia, Ingeniería Química, Ingeniería Medioambiental$Química General, Orgánica e Inorgánica$ES$B1$YES$2$Second$Inicio segundo cuatrimestre, 7 feb$Final segundo cuatrimestre$$Synchronous$https://estudios.unizar.es/estudio/asignatura?anyo_academico=2020&asignatura_id=60460&estudio_id=20200688&centro_id=100&plan_id_nk=543$pablo.sanz@unizar.es$La evaluación de la asignatura está basada en las actividades A1, A2 y A3 con la ponderación que se indica: A1: Discusión y resolución de cuestiones teórico-prácticas y actividades relacionadas (15 %); A2: análisis y discusión de publicaciones científicas relacionados con los contenidos de la asignatura (35 %); A3: Prueba escrita global, consistente en la resolución de problemas y cuestiones relacionados con la asignatura (50 %)|
Universidad de Zaragoza$0311 Economics$Evaluación de Políticas y Servicios Públicos$10$1$$1$1$6$1$Flexible$second cycle$second cycle, third cycle$Economics$Statistics and Basic Econometrics Analysis$ES$B2$YES$3$Second$Inicio segundo cuatrimestre, 7 feb$Final segundo cuatrimestre$$Asynchronous$https://estudios.unizar.es/estudio/asignatura?anyo_academico=2020&asignatura_id=61346&estudio_id=20200620&centro_id=109&plan_id_nk=525$mjmance@unizar.es; alazaro@unizar.es$Weekly activities and final project concerning a concrete evaluation|
Universidad de Zaragoza$0313 Psychology$DEVELOPMENTAL PSYCHOLOGY$10$1$$1$1$6$1$Flexible$first cycle$first cycle$$$EN$B1$No$6$Second$Inicio segundo cuatrimestre, 7 feb$Final segundo cuatrimestre$$Synchronous$https://sia.unizar.es/doa/consultaPublica/look[conpub]MostrarPubGuiaDocAs?entradaPublica=true&idiomaPais=es.ES&_anoAcademico=2020&_codAsignatura=26606$MCPEREZY@UNIZAR.ES$EXAMEN FINAL EN JUNIO MÁS evaluación CONTINUA (OPCIONAL)|
Universidad de Zaragoza$0314 Sociology and cultural studies$Políticas y prácticas de inclusión$7$1$$1$1$3$1$Flexible$second cycle$second cycle, third cycle$Educación / Sociología / Psicología$No$Español /Inglés$B1$YES$3$second$Inicio segundo cuatrimestre, 7 feb$Final segundo cuatrimestre$$Synchronous$https://sia.unizar.es/doa/consultaPublica/look[conpub]MostrarPubGuiaDocAs?entradaPublica=true&idiomaPais=es.ES&_anoAcademico=2018&_codAsignatura=63152$mbvigo@unizar.es$La evaluación de la materia se realizada a partir del análisis de documentos y de la elaboración de un proyecto básico de investigación en relación con el tema.|
Universidad de Zaragoza$0412 Finance, banking and insurance$Dirección Financiera Internacional / International Financial Management$27$3$$3$3$15$3$Flexible$first cycle$first cycle$Formacion básica de Finanzas$Conocimientos básicos de : matematica financiera, direccion financiera, mercados financieros$hay grupos en inglés y en español$B2$YES$6$Second$Inicio segundo cuatrimestre, 7 feb$Final segundo cuatrimestre$$Synchronous$https://sia.unizar.es/doa/consultaPublica/look[conpub]MostrarPubGuiaDocAs?entradaPublica=true&idiomaPais=es.ES&_anoAcademico=2020&_codAsignatura=27350$nblasco@unizar.es$Hay dos pruebas de evaluacion continua, y en caso de no aprobar por evaluacion continua o no elegir dicho sistema, o querer presentarse a subir nota, existe un examen final en junio, y otro en septiembre|
Universidad de Zaragoza$0519 Biological and related sciences not elsewhere classified$Seminario interdisciplinar$7$1$$1$1$3$1$Flexible$second cycle$second cycle$Graduados en: Ingenierías y/n Ciencias.$NO$Son seminarios que se imparten a veces en español y otras en inglés depende del ponente,$B2$YES$3$Second$Inicio segundo cuatrimestre, 7 feb$Final segundo cuatrimestre, pero el máster finaliza unos días más tarde por organización bimestral.$$Synchronous$https://sia.unizar.es/doa/consultaPublica/look[conpub]MostrarPubGuiaDocAs?entradaPublica=true&idiomaPais=es.ES&_anoAcademico=2020&_codAsignatura=69323$rbailon@unizar.es; gomezmj@unizar.es$|
Universidad de Zaragoza$0531 Chemistry$60455 Recursos bibliográficos y bases de datos$7$1$$1$1$3$1$Flexible$second cycle$second cycle$Grado en Química o Ingeniería Química$Ninguno$ES$B1$YES$2$Second$Inicio segundo cuatrimestre, 7 feb$Final segundo cuatrimestre$$Asynchronous$https://estudios.unizar.es/estudio/asignatura?anyo_academico=2020&asignatura_id=60455&estudio_id=20200688&centro_id=100&plan_id_nk=543$vjimenez@unizar.es$1. Formative evaluation by themes: Exercises and practical activities (50%). 2. Final global written test that will consist of a series of exercises based on the databases used that will be taken at the end of the classes (50%).|
Universidad de Zaragoza$0712 Environmental protection technology$Medio ambiente, crecimiento y ecología industrial$10$1$$1$1$6$1$Flexible$second cycle$second cycle, third cycle$$$ES$B2$YES$3$Second$Inicio segundo cuatrimestre, 7 feb$Final segundo cuatrimestre$$Synchronous$https://estudios.unizar.es/estudio/asignatura?anyo_academico=2020&asignatura_id=61339&estudio_id=20200620&centro_id=109&plan_id_nk=525$jbielsa@unizar.es; rduarte@unizar.es; csarasa@unizar.es$|
Universidad de Zaragoza$0711 Chemical engineering and processes$Materiales y tratamientos superficiales para prótesis e implantes$7$1$$1$1$3$1$Flexible$second cycle$first last year of study, second cycle$Grado en Ingeniería Biomédica$$ES$B2$YES$3$Second$Inicio segundo cuatrimestre, 7 feb$A mediados de abril$$Synchronous$https://sia.unizar.es/doa/consultaPublica/look[conpub]MostrarPubGuiaDocAs?entradaPublica=true&idiomaPais=es.ES&_anoAcademico=2019&_codAsignatura=69307$jpardo@unizar.es; mcastro@unizar.es$|
Universidad de Zaragoza$0711 Chemical engineering and processes$60647 MATERIAS PRIMAS RENOVABLES$20$2$$2$2$12$2$Flexible$second cycle$second cycle$Chemistry/ Engineering Chemistry knowledge$No$ES$B2$YES$3$Second$Inicio segundo cuatrimestre, 7 feb$Final segundo cuatrimestre$$Synchronous$https://estudios.unizar.es/estudio/asignatura?anyo_academico=2019&asignatura_id=60647&estudio_id=20190685&centro_id=100&plan_id_nk=540$clarah@unizar.es; epires@unizar.es$Examen y trabajo ó final segundo cuatrimestre|
Universidad de Zaragoza$0711 Chemical engineering and processes$60645 ELECTROQUÍMICA Y FOTOQUÍMICA PARA LA INDUSTRIA$20$2$$2$2$12$2$Flexible$second cycle$first last year of study, second cycle$CHEMISTRY, CHEMICAL ENGINEERING AND RELATED AREAS$NO$ES$B1$YES$6$Second$Inicio segundo cuatrimestre, 7 feb$Final segundo cuatrimestre$$Asynchronous$https://sia.unizar.es/doa/consultaPublica/look[conpub]MostrarPubGuiaDocAs?entradaPublica=true&idiomaPais=es.ES&_anoAcademico=2020&_codAsignatura=60645$amainar@unizar.es$|
Universidad de Zaragoza$0711 Chemical engineering and processes$60646 NUEVOS DISOLVENTES PARA LA INDUSTRIA$20$2$$2$2$12$2$Flexible$second cycle$first last year of study, second cycle$CHEMISTRY, CHEMICAL ENGINEERING AND RELATED AREAS$NO$ES$B1$YES$3$Second$Inicio segundo cuatrimestre, 7 feb$Final segundo cuatrimestre$$Asynchronous$https://sia.unizar.es/doa/consultaPublica/look[conpub]MostrarPubGuiaDocAs?entradaPublica=true&idiomaPais=es.ES&_anoAcademico=2020&_codAsignatura=60646$ammainar@unizar.es$Realización DE TRABAJO FINAL Y resolución DE EJERCICIOS|
Universidad de Zaragoza$0531 Chemistry$Medicinal Chemistry$7$1$$1$1$3$1$Flexible$second cycle$second cycle$No$Química$EN$B2$No$6$Second$Inicio segundo cuatrimestre, 7 feb$Final segundo cuatrimestre$$Synchronous$https://estudios.unizar.es/estudio/lista?tipo_id=6$raquelph@unizar.es$There is a written examination, as well as continuous evaluation. Calls: June, September|
Universidad de Zaragoza$0512 Biochemistry$Modelling of Biological Systems$7$1$$1$1$3$1$Flexible$second cycle$second cycle$$Knowledges of Physics (statistical mechanics, dynamical systems)$EN$B2$No$6$Second$Inicio segundo cuatrimestre, 7 feb$Final segundo cuatrimestre$$Synchronous$https://estudios.unizar.es/estudio/lista?tipo_id=6$afiascon@unizar.es$There is a written examination, as well as continuous evaluation. Calls: June, September|
Universidad de Zaragoza$0519 Biological and related sciences not elsewhere classified$Biostatistics and Bioinformatics$7$1$$1$1$3$1$Flexible$second cycle$second cycle$no$Basic knowledge of Statistics, knowledge or the R programming language$EN$B2$No$6$Second$Inicio segundo cuatrimestre, 7 feb$Final segundo cuatrimestre$$Synchronous$https://estudios.unizar.es/estudio/lista?tipo_id=6$acebrian@unizar.es$There is a written examination, as well as continuous evaluation. Calls: June, September|
Universidad de Zaragoza$0519 Biological and related sciences not elsewhere classified$Big Data in Biology$7$1$$1$1$3$1$Flexible$second cycle$second cycle$No$Knowledge of Statistics and Biology$EN$B2$No$6$Second$Inicio segundo cuatrimestre, 7 feb$Final segundo cuatrimestre$$Synchronous$https://estudios.unizar.es/estudio/lista?tipo_id=6$jsanz@bifi.es$There is a written examination, as well as continuous evaluation. Calls: June, September|
Universidad de Zaragoza$0714 Electronics and automation$Visión por Computador$7$1$$1$1$3$1$Flexible$first cycle$first cycle$Ciencias. Ingeniería y Arquitectura$Matemáticas formación básica$EN$B2$YES$6$Second$Inicio segundo cuatrimestre, 7 feb$Final segundo cuatrimestre$$Asynchronous$https://estudios.unizar.es/estudio/asignatura?anyo_academico=2020&asignatura_id=29847&estudio_id=20200147&centro_id=326&plan_id_nk=444$lopeztor@unizar.es$evaluación basada en la realización de trabajos cortos a lo largo de toda la duración de la asignatura que se completa con la entrega de un proyecto final.|
Universidad de Zaragoza$0713  Electricity and energy$Seguridad de instalaciones y equipos eléctricos$10$1$$1$1$6$1$Flexible$first cycle$first cycle$Electricidad y electrónica$Conocimientos$ES$B2$YES$6$Second$Inicio segundo cuatrimestre, 7 feb$Final segundo cuatrimestre$$Synchronous$https://estudios.unizar.es/estudio/asignatura?anyo_academico=2018&asignatura_id=29638&estudio_id=20180146&centro_id=110&plan_id_nk=430$arcegafj@unizar.es$Examen y realización de trabajos (continuo y final)|
Universidad de Zaragoza$0711 Chemical engineering and processes$60461Química de Materiales Avanzados$7$1$$1$1$3$1$Flexible$second cycle$second cycle$Ciencia$Química$ES$B1$YES$2$Second$Inicio segundo cuatrimestre, 7 feb$Final segundo cuatrimestre$$Asynchronous$https://estudios.unizar.es/estudio/asignatura?anyo_academico=2020&asignatura_id=60461&estudio_id=20200688&centro_id=100&plan_id_nk=543$mpinol@unizar.es$A1.- realización y discusión crítica de un trabajo sobre materiales avanzados. (30 %) A2.- Prueba escrita de la asignatura (70 %).|
Universidad de Zaragoza$0711 Chemical engineering and processes$Modelos y simulación de flujos e instalaciones$15$1$$1$1$11$1$Flexible$second cycle$second cycle$Engineering$No$ES$B1$YES$6$Second$Inicio segundo cuatrimestre, 7 feb$Final segundo cuatrimestre$$Synchronous$https://estudios.unizar.es/estudio/asignatura?anyo_academico=2020&asignatura_id=60828&estudio_id=20200681&centro_id=110&plan_id_nk=532$pigar@unizar.es$Trabajo dirigido (80%), presentación del trabajo (20%)|
Universidad de Zaragoza$0222 History and archaeology$Dictadura y memoria en el siglo XX$5$1$$1$1$1$1$Fixed$second cycle$second cycle$$$ES$B2$No$5$Second$Inicio segundo cuatrimestre, 7 feb$Final segundo cuatrimestre$$Synchronous$https://estudios.unizar.es/estudio/asignatura?anyo_academico=2018&asignatura_id=66648&estudio_id=20180655&centro_id=103&plan_id_nk=327$iris@unizar.es$Escritura de un ensayo personal que el alumno ha de presentar oralmente, y entregar escrito al docente.|
Universidad de Zaragoza$0613  Software and applications development and analysis$Bioinformática$10$1$$1$1$6$1$Flexible$first cycle$first last year of study$Recomendable Ingeniería o ciencias$Programación avanzada$ES$B1$YES$6$Second$Inicio segundo cuatrimestre, 7 feb$Final segundo cuatrimestre$$Synchronous$https://estudios.unizar.es/estudio/asignatura?anyo_academico=2020&asignatura_id=30260&estudio_id=20200148&centro_id=110&plan_id_nk=439$elvira@unizar.es$prácticas y trabajo|
Universidad de Zaragoza$0512 Biochemistry$The SME-Biotech: characteristics, creation and management$7$1$$1$1$3$1$Flexible$second cycle$second cycle$no$no$EN$B2$No$6$Second$Inicio segundo cuatrimestre, 7 feb$Final segundo cuatrimestre$$Synchronous$https://estudios.unizar.es/estudio/asignatura?anyo_academico=2020&asignatura_id=63107&estudio_id=20200704&centro_id=100&plan_id_nk=572$cgonzalg@unizar.es$There is a written examination, as well as continuous evaluation. Calls: June, September|
